,PC1,PC2,PC3,PC4,PC5,PC6,PC7,PC8,PC9,PC10,PC11,PC12,PC13,PC14,PC15,PC16,PC17,PC18,PC19,PC20
temperature_2m_max__day1,0.11395696029931864,-0.002931488985529029,0.0033247379952157847,0.012215971312822088,-0.005266439182825694,-0.03235614761042643,0.02236168742241852,-0.08191077041641893,0.11364684557787612,0.054318748870039055,-0.057699008414981656,0.04874760593986962,0.029374891736102467,0.030893670321162404,0.11077135633954187,0.01026544210651577,0.06684199227676274,0.02733619068492648,-0.049137997312872855,-0.0305128518370403
temperature_2m_max__mean_2d,0.11569841472540876,0.0015697818600872967,0.004361117938789281,0.01989831168964929,0.015377302948465389,-0.03797304254655798,0.022128337827276696,-0.07244127846440634,0.10054436569237848,0.06393189863845568,-0.03980915044492201,0.02512577871237002,0.029355991760308564,0.03951886427487392,0.10088721916433507,0.010077289366743864,0.07536705785399689,-0.010749360713468608,-0.0005891778701178183,-0.013083334037171879
temperature_2m_max__mean_3d,0.11664795909964618,0.005665828927670799,0.005183591028759822,0.02489716795945826,0.028632043207942832,-0.03509083629442594,0.023686296091755182,-0.061942220429731965,0.07352167989982661,0.045320866025838846,-0.027930800399689648,0.0057165202097197165,0.033889458776320436,0.02294718928987155,0.09104038172255727,-0.0012974398627224656,0.05397081318895895,-0.030615985391831045,0.01728479378961309,0.011058826980159697
temperature_2m_max__mean_7d,0.11754619695353079,0.015062905218531819,0.003822115310292057,0.03777382090666476,0.0311364312217507,-0.02413022597338005,0.02596308136873314,-0.029265984093709833,-0.033035752639483024,-0.018257992133771134,-0.009183381993252165,-0.042707591848064344,0.025045795344562145,-0.005767677937500756,0.017223599886103502,0.0061224070481939105,-0.022577070415539788,-0.016809626902111206,0.01665456501850797,0.05203310634641206
temperature_2m_max__mean_13d,0.11579777312859066,0.023594353763842668,-0.005934000447233592,0.047536229429739785,0.018362357559216114,-0.023009922530546012,0.026351975740146333,-0.01904562893285655,-0.10514758446041422,-0.038699663135156354,0.015777524204633908,-0.03358654136978244,0.027969600113950305,0.016447129207248612,-0.05989525122071265,-0.022838229010043697,-0.060921254002110514,0.03190314819876641,0.02868303880014289,0.05652507403973867
temperature_2m_max__peak_7d,0.11572896860914099,0.018470673732132264,-0.0005839599821498842,0.033482833624677855,0.0221213963532726,0.0011644184889600534,0.03028353802920101,-0.025547703317862325,-0.043805207254806466,-0.05147364371139461,-0.03304557498494036,-0.05251194170731732,0.07239277254841062,0.018495374462335998,-0.0018841405666982225,0.016940745100475423,-0.012382301806268203,0.024802010545132425,0.006472129873457244,-0.036376652096928544
temperature_2m_max__peak_14d,0.11338585069841736,0.030942772928613874,-0.00314665117392815,0.037253370121561824,0.010405137865912767,-0.016013792210780087,0.03167961120648344,-0.006363116867405748,-0.09654884962219895,-0.05052297083049412,0.015339869948827078,-0.06628328691957737,0.05325233464638727,0.016963936882384005,-0.08248810603337511,-0.016440620381927375,-0.020246303758538614,0.1337553931614051,0.044399173032459015,-0.019898671455371733
temperature_2m_min__day1,0.10857759426392974,0.04733990327380413,-0.01418813490060622,0.04447617439024376,0.03936836414700524,-0.05814623286001383,0.07027521723451755,-0.094160866282881,0.11141004124056833,0.0622914347105602,-0.026207723028947333,0.0808317658604289,-0.02777892742132001,0.010783986848852532,0.01263025782381133,0.051894818687207224,0.12372199193979594,-0.032432036812452394,0.00266375558175308,-0.0033031363157024693
temperature_2m_min__mean_2d,0.11051849192527839,0.04680620765061037,-0.011507596873881476,0.050549514294559006,0.042776064135906566,-0.06423424419266771,0.06769749725696289,-0.08330120107272357,0.08060637186726376,0.03850819188498686,-0.028934683539981743,0.05990002912925349,-0.022268819443369836,-0.02513865078162414,0.023943645011150705,0.030371534116093987,0.07999451005086641,-0.0654010612206807,0.02020875194988496,0.01901699160390559
temperature_2m_min__mean_3d,0.11175609465455542,0.047923316535617155,-0.012088818889841771,0.05603358260697522,0.039328186409624655,-0.06554005657602208,0.056101373785467784,-0.070810499929015,0.04098768611114689,0.017186762365512365,-0.022052655600810135,0.041908633119059416,-0.018937741594879903,-0.03885686089624285,0.02938833504027616,0.007884290529538887,0.026113763834502007,-0.07761418542449651,0.016451516383494208,0.031324367420980825
temperature_2m_min__mean_7d,0.11166139075677022,0.050775671267809824,-0.015150748059313508,0.06837124599057967,0.008686279014009424,-0.059842885393668416,0.05186802002021473,-0.05555729015387065,-0.07054648912171765,-0.018036451445918283,0.00804029999477801,0.009088804687892194,-0.028579252460171192,-0.011786373804742192,0.003666804675927768,-0.016065500290059667,-0.07398720196824662,-0.026448965147303632,-0.01888900942410937,0.053404270940171514
temperature_2m_min__mean_13d,0.10929452556167163,0.04867662853206743,-0.02567681299465023,0.07946058436038998,-0.012836884269194604,-0.05487394828121063,0.04795653234850217,-0.04501381516262057,-0.12766550252135522,-0.014231683327678293,0.04462012715553551,-0.0024086780786650996,0.00010529098002326487,-0.011918888890460569,-0.06499988225114418,-0.04874093002215238,-0.10958035010574957,0.021745593319712084,0.01071222681190695,0.03275865347566301
temperature_2m_min__peak_7d,0.11032925340631519,0.053331459332648934,-0.008390206683305241,0.06872529302501293,0.013137942188508611,-0.052585045865828434,0.07236366243089523,-0.04534965290446575,-0.05239510634108224,-0.026333348980311144,-0.003531556411350001,-0.013511194607346746,0.02301911206789531,0.001755145615325783,0.012087839805031642,0.0005326865174968814,-0.05923388472283661,-0.00450844779662736,-0.023829134862008786,-0.057696379037358386
temperature_2m_min__peak_14d,0.10664689172616493,0.04869394423173432,-0.028411142727195624,0.07516671196374083,-0.013473309725811233,-0.05832440529749225,0.06800542487726996,-0.04097503346313336,-0.10458642757097367,-0.004996480313485915,0.0421808779815272,-0.04273079552356601,0.019182473494955554,-0.01729993277401593,-0.09214559471120104,-0.022337917877007913,-0.09776342445647102,0.11255740514505283,0.05815431059625358,-0.09152629677561618
temperature_2m_mean__day1,0.11374222879208405,0.018938355038391783,-0.005196709153627757,0.022987737780006498,0.014567184247401194,-0.04096867028800837,0.04628758033982907,-0.08729318013157028,0.11587585331027497,0.05670062176522206,-0.04141092342497282,0.06595914867327562,0.002308287373747636,0.0271833488644517,0.063651933357383,0.030978930217009225,0.09127876362878878,-0.004451145933319717,-0.030620176983601033,-0.021967503748848316
temperature_2m_mean__mean_2d,0.11511776983934945,0.02173280458835656,-0.0024197380098495845,0.030686271530915143,0.027424154414056497,-0.04683450686293129,0.044068963980732234,-0.07670076036908899,0.09545483258678934,0.05191328225286351,-0.031090437167303697,0.04317612584496122,0.007074459983562403,0.018499651957763742,0.06466389157209601,0.020553192015882227,0.07903283609665795,-0.03823304729913356,0.004713982117168752,-0.002846193619727766
temperature_2m_mean__mean_3d,0.11605199346334084,0.023682694993972984,-0.0014456049866423942,0.036228312318177046,0.03279986121901322,-0.04592301922501903,0.040377649132445376,-0.06501305631436965,0.06161686333101616,0.03166096459479384,-0.023247789918375728,0.025662962048512566,0.011930560675888657,0.0009796766731555717,0.06305225504949757,0.005171018747896154,0.04423123406459678,-0.05352842057133804,0.01835834874871453,0.013561939018467674
temperature_2m_mean__mean_7d,0.11635533986917244,0.0298675182642358,-0.0030013378890882936,0.048591616573567836,0.02123992524382004,-0.03767196205465357,0.03972656293278242,-0.040649900234417766,-0.04795229319639426,-0.01639737507300998,-0.0005491043026424891,-0.015035701128614964,0.004389551323566221,-0.006225974187864081,0.010829670245997458,-0.002828561856425491,-0.043057342084763056,-0.022760923048459017,0.003584437176717442,0.046418299287621395
temperature_2m_mean__mean_13d,0.11422166309453136,0.033389278649762245,-0.013753694240413856,0.05917031476411301,0.004459345010635518,-0.035256520447669755,0.03780633598794657,-0.02827084776945879,-0.11374097548155114,-0.025108099930013145,0.02714185153863924,-0.015471838539310834,0.01949426022726468,0.003959712480307687,-0.061496473283874684,-0.03238493810095831,-0.08189645035627235,0.02572780267955814,0.025089096590143387,0.039071488677349525
temperature_2m_mean__peak_7d,0.11487999281968678,0.03422959235962769,-0.0016522638694357128,0.04621229815767615,0.01945066038290031,-0.026406286382701188,0.05064662446558152,-0.038910233026014214,-0.045803608425936504,-0.04253336517626896,-0.02839503057232743,-0.02321552724758491,0.049541463570451416,0.01523701425193058,-0.0014855173226864249,0.006234947541232758,-0.028506954602405037,0.026033348637563,0.002253916944148421,-0.05828168428337202
temperature_2m_mean__peak_14d,0.11200711780375983,0.03750748536905296,-0.013978741614172115,0.05072483219103668,0.0035107462876141503,-0.03652781250748589,0.05142852592439469,-0.023047519146567313,-0.09508044323628372,-0.03376965337335513,0.013260607671660313,-0.04354068998353822,0.049155366528358335,0.005851698348848244,-0.09288384774320124,-0.027951296952516552,-0.04718029821202602,0.13634699516272084,0.07137928734057694,-0.0657057452096314
apparent_temperature_max__day1,0.11358909034485921,-0.006400867950845557,-0.02271464631466402,0.01268800086563845,-0.006707077427429721,-0.03273193427163524,0.021103162487838504,-0.07812548274809976,0.10162234243381499,0.09039852312666201,-0.05657895132688513,0.04547241051670537,0.017628559207978733,0.03314453030414015,0.11433078097777447,0.012784598014405207,0.07415628079524816,0.0205629617176952,-0.052558639108073124,-0.017690088813311022
apparent_temperature_max__mean_2d,0.11513437180800007,-0.0020117795897983976,-0.022888095309560864,0.020515638740355554,0.015617250463373433,-0.03665760739771525,0.02388376030089087,-0.06989659552403713,0.09061085744387826,0.0902909755941919,-0.043865383560374456,0.024658626783482643,0.020694469429286155,0.03340538893766781,0.11365770249748997,0.023048800919123064,0.07030329695372976,-0.010697979259581852,-0.015478315284417246,-0.002415664979826121
apparent_temperature_max__mean_3d,0.11618157395798598,0.0013206904676986663,-0.021632869949385108,0.02504906062272549,0.028676552226287653,-0.037476985412187656,0.026722318574518244,-0.059511260557757246,0.07196498309676118,0.06596353370707227,-0.02771929742918789,0.00782358200007096,0.024236795720028015,0.015923235750519404,0.0974422247679842,0.02053595310436014,0.0441686567567767,-0.02564002168300611,-0.003839795980413896,0.017885683600676106
apparent_temperature_max__mean_7d,0.11743962261730523,0.011015752982404838,-0.017787581116790817,0.038474018792265315,0.029875879742746313,-0.03109288684374606,0.02857475186210329,-0.026905610070200106,-0.020237333876849013,-0.011469284865130238,-0.0047571661777773555,-0.035598829395563567,0.013819114424652765,-0.008684175012298165,0.020687845105496806,0.0344411616731955,-0.04450375966363431,-0.01013671183048312,-0.011523677205710847,0.05572221272756084
apparent_temperature_max__mean_13d,0.11566186441984705,0.02112071943099034,-0.02203150361623425,0.04961952910603778,0.018966177687785097,-0.03185379303804823,0.029969570665756284,-0.0162771345841847,-0.09461786305275648,-0.04233160592219415,0.022369892305907607,-0.026289259919975532,0.016381573964965947,0.014092174725774148,-0.05681555961231191,-0.01708249775021875,-0.07446713062967797,0.03495838875070206,-0.010560244996672363,0.06556330475530708
apparent_temperature_max__peak_7d,0.11632824628420094,0.015362357725984828,-0.015044984741646474,0.03134143452941444,0.02298016304350572,-0.007335883068385824,0.03065429237980525,-0.02172396787029771,-0.03077630276206947,-0.0412931047849762,-0.02189756509145538,-0.04859225050157286,0.04980160336710185,0.007892073788565199,-0.0005428010686924353,0.04367083693018303,-0.034728765165325304,0.03068435413177593,-0.02321963609380212,-0.020713723124987926
apparent_temperature_max__peak_14d,0.11416530535469145,0.029265614037773207,-0.013932257806135844,0.035335106991294225,0.010543213917106406,-0.022783122267330407,0.035503325223820645,-0.006554016031061979,-0.08325365033104609,-0.053279413338568914,0.01885545682272192,-0.06825566371307094,0.032126758433113356,0.018345760057363936,-0.07042508773668768,-0.01544130935986654,-0.038437706195477706,0.12283466833360515,0.001756883139391957,-0.0054776520049981126
apparent_temperature_min__day1,0.11011103954536658,0.03606007854055428,-0.03332695833192158,0.04116591493218163,0.030581647778438293,-0.05706564168536199,0.06952380033187328,-0.08831543147424432,0.09658898135035367,0.08261177591343873,-0.03145354140417558,0.0709432476295561,-0.02841791240892398,-0.0033797720726570267,0.017322349528278883,0.04960826819803388,0.11080187300658342,-0.027399861164119577,-0.002573771138810351,0.004668953165178569
apparent_temperature_min__mean_2d,0.11181721455248676,0.03540517775855591,-0.03125990186326064,0.04595493878069516,0.03762190248684021,-0.06256847394772876,0.06774112233112718,-0.0756653942740249,0.06993508804709203,0.05916412501270639,-0.03156855457964601,0.052388109318004195,-0.02752084792739914,-0.032094363773158295,0.029212675566804538,0.035993634094477756,0.06528659072786124,-0.058021988505425115,0.011948970626163541,0.02092945837107882
apparent_temperature_min__mean_3d,0.11271143131834216,0.03684049647727484,-0.030829778801398127,0.05089376292526177,0.03642358729037744,-0.06417133732683555,0.058641038950774056,-0.06585998432795163,0.0389532364989366,0.034728121962817465,-0.022810292364341796,0.036282342470726606,-0.024479479618239815,-0.04181606343372439,0.02935162687586248,0.018843267537973177,0.01456317026287008,-0.06648828664020145,0.005819807064167126,0.029722315457819393
apparent_temperature_min__mean_7d,0.1125329350430828,0.0425139350584814,-0.030080331301659293,0.06355852932655405,0.011949002411420185,-0.05994080586861836,0.05484843289875057,-0.04762593386048649,-0.05908914512249616,-0.0155201690651993,0.010019582243562652,0.006266307534875012,-0.032613809733222573,-0.017668347094498504,-0.001957615082166585,6.844974314921398e-05,-0.09042889332772353,-0.018908107716953698,-0.034814304421493414,0.04866020942970585
apparent_temperature_min__mean_13d,0.10982704941876516,0.04341624491659689,-0.036337276737003495,0.07614252243151123,-0.0065572827276968735,-0.05772553279353102,0.05144399339379028,-0.0376403180646944,-0.11710451689643618,-0.02196369783755443,0.04360261374448429,-0.0028450632076208967,-0.008927890638205985,-0.011430536131767395,-0.07072746469103686,-0.04506647370898318,-0.11314250912734253,0.02591310389472624,-0.016249913878231895,0.030242738713997856
apparent_temperature_min__peak_7d,0.1116492490606304,0.04670801800830649,-0.025906364462032514,0.06216261353953665,0.017184377768881084,-0.04901014702682979,0.06720596421500222,-0.04007363156246548,-0.050438539403032875,-0.02545922781945487,-0.011796952581661795,-0.004306537796085302,0.002968677125594141,-0.002318901179379342,0.0021648117422135406,0.03709139950309726,-0.07688764211185646,0.008709969622119835,-0.03730264886463507,-0.050411508983969566
apparent_temperature_min__peak_14d,0.10822738371373376,0.04724769472592702,-0.04202387307322314,0.06952154559586297,-0.006686006170900935,-0.054745348216837145,0.06385427170335259,-0.0335652608778098,-0.0950152105488051,-0.019218836722728415,0.03571319248337063,-0.037213927649629525,0.01248457465241017,-0.007563002836856873,-0.08445501103144742,-0.0245918076252521,-0.0964969166484024,0.11493854462230668,0.031176931232514967,-0.06689215142147686
apparent_temperature_mean__day1,0.11389019328515973,0.013647929806979327,-0.02979008795950421,0.023961503012676036,0.009655448834287641,-0.04256381947488989,0.044585190068612064,-0.07989353156118835,0.09994599010342624,0.0860448559174225,-0.043775373469504164,0.05812353475490528,-0.006718852079736211,0.01570290161398053,0.06671056411301989,0.028253877697625787,0.09026030599829402,-0.011981112919607125,-0.03257479751518875,-0.010471815416281456
apparent_temperature_mean__mean_2d,0.11509285200013249,0.01509771024166846,-0.02798403748853243,0.030819629114348185,0.024746563891230998,-0.04613967280099239,0.045417150152489955,-0.07065290136590079,0.08385962957614565,0.07550106999129981,-0.03487482366101495,0.04053688210404037,-0.0034654397360721185,0.006448117057405686,0.07106185766427664,0.02814191260189529,0.06991971519465599,-0.03855063374102044,-0.0042946488743642675,0.0034062075417978332
apparent_temperature_mean__mean_3d,0.11595931839345948,0.016822925338575535,-0.02585210316887794,0.035208216168857026,0.03131551178023469,-0.04734173483612846,0.04309755996997095,-0.06059337751645056,0.057565653024071725,0.05042878314268736,-0.02354706752849928,0.02571839225984523,0.0008409917618186076,-0.008587032955740315,0.0635077376172638,0.020140812916868107,0.032759427809504964,-0.04939755115766072,0.003325450691771363,0.016532328413617393
apparent_temperature_mean__mean_7d,0.11638631185754979,0.02461454225723716,-0.02264609139056572,0.04759437446357818,0.021894094477488506,-0.041895581458220095,0.042451663065999505,-0.03585292123717877,-0.036954263488269946,-0.01292367908580896,0.003736403864358988,-0.011752283501621205,-0.005421023612244805,-0.012083724872638434,0.008305433441919958,0.017983219522012463,-0.06282167469449708,-0.016320056314203062,-0.020321019926474934,0.0447795671604333
apparent_temperature_mean__mean_13d,0.11404868798577256,0.0304312571115952,-0.028157983184922224,0.05946891792946161,0.007160824410356272,-0.04179071613586431,0.04094928738582334,-0.024128008146367185,-0.10394118939517995,-0.031280408689414535,0.031555497378195616,-0.01129821385580104,0.007785934045203886,0.001500048338341994,-0.06346000871883006,-0.030517950226420624,-0.09045855402911251,0.029083869017366457,-0.010178098563843543,0.042419321217339406
apparent_temperature_mean__peak_7d,0.11556505367057471,0.03109705329626579,-0.018110185891006592,0.044142984186997074,0.019343940002373106,-0.026961218752874706,0.048106563101977515,-0.03200247010221015,-0.0391685095142787,-0.04010259493577187,-0.01635090364477179,-0.019339713094247847,0.03135805340701357,0.0018454528415685382,-0.0040182596674297605,0.034541345238110414,-0.04626267131568909,0.025386637468937597,-0.028141918339910754,-0.04430355047075971
apparent_temperature_mean__peak_14d,0.11285793631254001,0.03774276768900859,-0.025997373687355562,0.04781135101868221,0.0029360194346052066,-0.036451832912617096,0.04855493173798607,-0.017697446399318476,-0.08850553260563726,-0.04268493397527859,0.020824168460869236,-0.04318039811400896,0.03039172092822019,0.004513870413567049,-0.08678073321150233,-0.032835648975671185,-0.06384358380677894,0.12529635106917397,0.03278971249385336,-0.047420708613634864
daylight_duration__day1,0.11053360202799369,-0.011026887895423174,0.023573714281155504,-0.09519836214999108,-0.026969995334695424,0.10648416032268304,-0.03960296558381129,0.06011321196616059,0.00895803027561307,0.010725615710650801,0.031496543170303995,0.029506803158058363,-0.07161789315524628,-0.04049904784261465,-0.07359232611858968,-0.0051671426328777316,0.050154620810078245,-0.034981606432640776,-0.026894606378727537,-0.005243532714279182
daylight_duration__mean_2d,0.11084479466401109,-0.010502534472982982,0.022742234482502306,-0.09375023513852973,-0.02690931357692871,0.10477101245627447,-0.03893634015276767,0.05940264633647175,0.007897371476687287,0.010551971724620215,0.03209105385117547,0.02876176647624368,-0.07126856475036071,-0.040085789922455775,-0.07427996227700986,-0.006057024588324042,0.04894945317251432,-0.03374503966983941,-0.0275728549970983,-0.0052635861738289
daylight_duration__mean_3d,0.11114850420823352,-0.00997768140304116,0.021909116962183083,-0.09229523381612996,-0.02684637328990558,0.1030499577395819,-0.03826460125778203,0.058691201974100014,0.006838365744974521,0.01037774608951978,0.032683253058718206,0.02801834532960389,-0.07091450979110378,-0.03966689729120489,-0.074956938450348,-0.006945483751223475,0.04773908121956647,-0.03250669751930084,-0.02825087505642991,-0.005284003593812862
daylight_duration__mean_7d,0.11228757353713095,-0.00787378300328891,0.01856278866385555,-0.0864111223613719,-0.026573313523514698,0.09609466270784578,-0.03552764297935471,0.05584153155186417,0.0026167389056423315,0.009680636561560395,0.035029430637880304,0.025067536001040506,-0.06945133328150785,-0.03793572027666697,-0.0775734917474788,-0.0104826718936268,0.04283090440032132,-0.027538930798319504,-0.030955096976518215,-0.005373943528310277
daylight_duration__mean_13d,0.11376750639739146,-0.004704163846848976,0.013504649495004465,-0.07740334391581136,-0.026119954206321495,0.08547416627808724,-0.031298156914403845,0.05152674238059493,-0.0036954764855388865,0.00862694218200972,0.03845825247742452,0.020740842755385472,-0.06707885493455522,-0.03518330663285934,-0.08124311187349546,-0.01578241911610513,0.03525613045733404,-0.020064594464054144,-0.034909884749813824,-0.005575365974400082
daylight_duration__peak_7d,0.11222637031189596,-0.00764888630151441,0.018984095696779196,-0.08582613481872257,-0.026581487314502883,0.09649225199438724,-0.03665270601302664,0.055209454473513296,0.0013978567792935178,0.009359212230965322,0.03617869307762264,0.022592087984774405,-0.06815772305908177,-0.036682689848415544,-0.07855782314009452,-0.009405025600862814,0.04295328088332714,-0.023694041563139884,-0.031752201769297626,-0.001466881582176424
daylight_duration__peak_14d,0.11374836501601643,-0.003928057567357399,0.013402080876913396,-0.07482702329872709,-0.02583081138877063,0.08427104620079374,-0.03366982926472278,0.04945836283459448,-0.006935797386686853,0.007364763866777147,0.041820941614069906,0.014672492235062557,-0.06401045535319616,-0.03194322170702748,-0.083611704684051,-0.013433748905430922,0.034321700007548694,-0.010541919464612384,-0.03768120391271852,0.004314125419012339
sunshine_duration__day1,0.08124172603120053,-0.07707191054622423,0.0641339634394139,-0.06798385415174203,-0.12316811272475968,0.0133311674747466,-0.08508577367996337,0.03671310135564578,0.045048227973774675,-0.10340288237146804,-0.1017714051403343,-0.035480026261627974,0.05255898985848377,-0.015068936782771986,0.3068931450825944,-0.01001756656714431,-0.276329032041654,0.17780069630173084,-0.03918940678564764,-0.06086668754164131
sunshine_duration__mean_2d,0.09059044126666967,-0.08362151859673708,0.059753538492615374,-0.0714099995259655,-0.10291598145461417,0.01727717842536894,-0.10221445902830928,0.0323077524401787,0.04758301847864024,-0.010391360547131363,-0.031246064943826184,-0.06488165035893964,0.04685261506466372,0.100109295071381,0.2501846239661657,-0.021571834573001675,-0.21189548332570934,0.1471649569234987,0.0237065186648556,0.011703115217653166
sunshine_duration__mean_3d,0.09660014466473463,-0.07302390222254791,0.05694793286707106,-0.0629792926079209,-0.0679183956907839,0.04122232456686026,-0.08079303166305998,0.02311437141020393,0.061460628298317804,0.018880115185600597,0.00653388212640432,-0.09870380873860325,0.044969674490525934,0.13132918882746994,0.21763003625190103,-0.013327146852672878,-0.11977868583411308,0.1267119870427601,0.004222980536242536,0.058712777732972524
sunshine_duration__mean_7d,0.10484320666048182,-0.06865115535414164,0.054630465783564675,-0.05091678030452462,0.008170376681901579,0.04772324668049578,-0.041340110189006116,0.0631520643391771,0.03139302329954574,0.004981890099552185,-0.002091562235268929,-0.11993854995943405,0.05617626833123957,-0.033610078943734106,0.06845532415253344,0.0010826840813166233,-0.012509856829205305,0.03966679538611855,0.07343778831777287,0.09508015564476538
sunshine_duration__mean_13d,0.11017079199059968,-0.04589690929366717,0.042112319128161144,-0.05300199400303228,0.027807151898076806,0.05157208413849132,-0.031245486733260813,0.06350717201976849,-0.04139740104488434,-0.04070419105817699,-0.02792163312191696,-0.07129312007021149,0.0008627614208387216,0.02968431497989351,-0.00913099574728752,0.007985475272162883,0.003365875244621676,0.058968699806555454,0.036022883347010495,0.10426247407599666
sunshine_duration__peak_7d,0.1106413358304317,-0.029184036736524394,0.017753596989393546,-0.068516128888021,-0.02205370447605636,0.08737181929767067,-0.054793974906695846,0.052169377124223544,-0.020707506075124085,0.0046879208007168235,0.029877922731269477,-0.03667829777815565,-0.022965311394307512,-0.05107534762651788,-0.041793844344309196,0.026248193095980588,0.04765392012231006,0.001851826930774739,0.004171130229821858,0.013771064098659488
sunshine_duration__peak_14d,0.11375332069773299,-0.006132923749005388,0.0181864390861216,-0.0719542475933795,-0.01619257969304183,0.08111655238165985,-0.040734939749382706,0.04990631781596327,-0.017044655137058877,-0.0014701506738149773,0.03534287182021505,-0.0001407521672293546,-0.04975389459077751,-0.019359371440392868,-0.08082530658344057,-0.008456332326986381,0.04110771761320438,0.01291678282693178,-0.032712979413827815,0.011254326554690407
precipitation_sum__day1,0.005306399981862146,0.12794307713352368,-0.05417558085919062,-0.007201373727502112,0.23934144271547395,0.10198125762544002,-0.03122933420125348,0.09180355636459912,0.09499697959595992,0.2740755688228348,0.13801029166739326,-0.12610992151174935,0.055210544533392636,0.3151679105136683,-0.026815114477331932,-0.17390023925302225,-0.12409215536573447,0.011511866076657872,0.05706017735352424,0.025007436370632914
precipitation_sum__mean_2d,0.004652604113702693,0.16534994845865347,-0.07716059034402935,-0.021454028927246974,0.23443816199915096,0.10941987843560631,-0.04284624142695657,0.10558295504628476,-0.03060640995495663,0.05369059814560208,-0.06897025287364152,-0.13325398867407973,0.15061762413271496,-0.13868737384835172,0.14827232016891226,0.05513899594587744,-0.025505800248463845,-0.08186302799323594,-0.021172549004158946,-0.04121864700914081
precipitation_sum__mean_3d,-0.0001496482476318287,0.17461051155802804,-0.09194721848350199,-0.02710091067685992,0.19412598418726967,0.10328613867555557,-0.046413448008240085,0.08100775158652831,-0.07745072063662035,-0.03990767643811861,-0.1401214535347228,-0.02048635654833174,0.1417913577834333,-0.2423000518477841,0.09799269674524928,0.03761508644744722,-0.04765350145172776,-0.012572672791341723,-0.06606677078131784,-0.026493779897710488
precipitation_sum__mean_7d,0.004124305354205111,0.18479576688251953,-0.14672756171889617,-0.0185389472302615,-0.0810039105786512,0.09660627073990695,-0.08652906089309308,-0.04373133336112418,-0.036476952797777594,-0.08924420378757625,-0.17425009473308084,0.052476312622497634,-0.13429491044503059,0.1826471352616166,0.008257019068321974,0.06454335056582564,-0.0443256714606078,-0.06654041917292579,-0.08406979974426855,0.03955705471681513
precipitation_sum__mean_13d,0.004477939387086535,0.14626875166530587,-0.15220045291082673,0.01779167164917277,-0.2190324805529069,0.07808225586702527,-0.06442482183423563,-0.09088130205026397,0.1759040004967437,0.04773748336464428,0.11199722020876035,-0.07058996868186457,-0.018108820297155177,-0.12364996248141276,-0.0025209571397132842,-0.02800200196353179,-0.14014324304752723,-0.10620799573391376,-0.07190145052971585,0.1302384009824579
precipitation_sum__peak_7d,0.013948306825058831,0.152696700407072,-0.15788715937402617,0.01491370033095809,-0.054533275549939586,0.10370321356767054,-0.12871776941861637,-0.03735907369305748,-0.05377748745884101,-0.17986150667266046,-0.2033295818698401,-0.07551636615144158,0.0027429081720475486,0.28666111719631926,-0.05794808168036941,0.14214971230702197,0.09092385041846873,-0.09982137001194812,0.054840381426368434,-0.0948161820121736
precipitation_sum__peak_14d,0.016040746836140037,0.09739666738587485,-0.17812841283186034,0.08159482297384342,-0.1781984645426705,0.05329758383778513,-0.11597155604929454,-0.07607402024624411,0.1802165300602252,-0.11340772730918688,0.12378355464741728,-0.26378528637850274,0.18233930563381995,-0.08589231433886943,-0.06482738095971889,-0.08648445317091234,0.15763716714735881,0.031374361263604336,0.009917281150607655,0.12894837414201646
precipitation_hours__day1,-0.008562303303010334,0.15311851894642184,-0.024628019284421876,-0.04876729890170986,0.19319266936672116,0.10900508555845413,0.07591999126272796,0.05561984071774253,0.04042918982931082,0.18370396811374204,0.27092922990637425,0.0019355109404656256,-0.1552544825324441,0.19598573052487867,-0.03401857271564582,0.005109028847439142,0.04715951927502548,0.11819333481338266,0.008783380420248621,0.007754819455928748
precipitation_hours__mean_2d,-0.019209425462290937,0.178198485860673,-0.042238309314705874,-0.07326348406121452,0.16723144027784018,0.10696789037713665,0.10858648485498891,0.06759989246894511,-0.0463143106619781,0.039093597179879085,0.06867886316942694,0.05894177086058732,-0.10919705763687511,-0.14768117609693965,0.12841315984276144,0.05454321131114655,0.08386808865039137,0.07007866801489379,-0.009491920075091434,0.0503663818656881
precipitation_hours__mean_3d,-0.02490659467016397,0.18339156369055204,-0.05368974299953582,-0.07458567682996149,0.09618819706040266,0.09156071309062437,0.08898926407283854,0.05545458674123752,-0.07728619654906896,-0.03371040354525476,-0.02453774888404899,0.18229934382898474,-0.11586887335816924,-0.2505972122755919,0.10202425778410337,-0.026791175219685194,0.014594572413206011,0.17247493575189576,-0.057196945907428604,0.06349667603364542
precipitation_hours__mean_7d,-0.02610912082518734,0.18119973640832882,-0.08766050489295477,-0.07165827142884035,-0.11213705946806711,0.07176751296671148,0.04393281853436544,-0.04043423800132282,-0.02706502069038464,0.035640214294452216,-0.04990209076985159,0.2534061112246103,-0.2465142800372261,0.03457616686206147,0.09560616148280462,-0.0977608000752787,-0.12882536159804403,0.11873055408384368,-0.051109718785338105,0.08081928815368668
precipitation_hours__mean_13d,-0.033515873486220614,0.14965518380594053,-0.08363905062959437,-0.05112632456445713,-0.20462567492846265,0.0630093756829261,0.04285665290348951,-0.07361497951126375,0.1284846882229793,0.1684137356287693,0.10890827446529712,0.1601050766023281,-0.10133476885235729,-0.14982011605763967,0.03137439552456907,-0.019963144864396685,-0.18029406326721795,-0.0019159123742764847,-0.008292475889284686,-0.05838092162797872
precipitation_hours__peak_7d,-0.023415529215518597,0.16470172909283248,-0.1253282924010699,-0.014154783384071492,-0.09829678954479874,0.09447906758197185,-0.006311050427249145,-0.038056917615994085,-0.0860649202808533,-0.06576230182231219,-0.06781314071957335,0.2088275415506517,-0.11958332422504525,0.10021472075378031,0.06470617492218801,-0.04556899786378825,-0.007073287630456218,0.21272810529147904,0.2031341919791336,-0.1886905174657794
precipitation_hours__peak_14d,-0.03503078181240023,0.11345527985339213,-0.1505285337378227,0.03933837942243731,-0.14758843886188144,0.046516749416656594,-0.010540937476000366,-0.0482290188365712,0.10972707192833038,-0.0032448132552229227,0.14079157403562143,0.05526096920055179,0.12828123161410834,-0.14577761293281752,-0.025573261094005727,-0.0884603948568791,0.16867734157598546,0.3438587175777628,0.2520107962924785,-0.30696506247631106
rain_sum__day1,0.009283050618137485,0.1266099579995268,-0.050041732977327676,0.008067769303939496,0.234178080974466,0.09017846974676204,-0.06095763474026617,0.10298007124349108,0.1185828252746746,0.29532507272920694,0.08152180362439528,-0.09976448685872047,0.06743279193575193,0.29802945678930665,-0.07089028228209045,-0.19605797958090257,-0.13953166426991737,0.043057711910734424,0.05540887465904481,0.04937608428640846
rain_sum__mean_2d,0.011977228441655313,0.162720633931289,-0.0686094011483534,0.008500443654683224,0.23255439098879752,0.08620126124029966,-0.09398878779598702,0.12659356375903386,-0.004579932115053721,0.08104958477888659,-0.11393951884714137,-0.09969780207075345,0.15794431477727294,-0.14509719047176578,0.10786254100430233,0.036268032889468775,-0.03989944199393851,-0.08214101941837519,-0.02116784191668822,-0.046274004842762145
rain_sum__mean_3d,0.010008474426158421,0.17256751085596161,-0.08207065993424358,0.008858120254344262,0.19526758649659343,0.07180022380439617,-0.11005042856380157,0.10861948902157495,-0.06952814627094392,-0.015742698037873225,-0.1468174420949651,3.0367782429286125e-05,0.13969711972436322,-0.23924208377166192,0.08147770301479032,0.04261289584044649,-0.05421839496355151,-0.028857065303588836,-0.07044763359455397,-0.05470876939878692
rain_sum__mean_7d,0.01777656112806221,0.1803653380729758,-0.13692475510919552,0.028494460894746203,-0.06726233031315407,0.07452486039710335,-0.15682075311685134,-0.019802546091845136,-0.04644749964980507,-0.0972482330869214,-0.11247138801201054,0.0719015562616681,-0.15418730064680322,0.17728970632048052,0.03359123077058614,0.10017388562647052,-0.025422134798286023,-0.08382223724058227,-0.08417216510320516,-0.010882923161254405
rain_sum__mean_13d,0.020141718041525827,0.14285190081846583,-0.14062818465177807,0.0631924679743012,-0.2017514849254914,0.058438834743983537,-0.13129247412025688,-0.0814463004970525,0.1317065685215565,0.04009393532193096,0.16253189287776418,-0.04777996480612529,-0.05116959690596119,-0.1236979255099021,0.04182315729875467,-0.043704955645384076,-0.13083014482572788,-0.08906939802865627,-0.05228303788622099,0.16834262021739643
rain_sum__peak_7d,0.02230758598708211,0.1501619060729277,-0.1465758777521544,0.04678808592483259,-0.04460659825410489,0.09137948863579781,-0.17084599140177786,-0.02246635101250058,-0.057963828536693414,-0.18745852898503623,-0.16069397570618582,-0.05383595859403826,-0.01370453375313083,0.28359435738419075,-0.037789233624252495,0.15342393368122464,0.10327725805309039,-0.10527634816531133,0.04370735747708399,-0.1246341785206133
rain_sum__peak_14d,0.02176399722213745,0.09612742210944009,-0.17051108334298345,0.0995754018477567,-0.17006105941924649,0.04675814603439088,-0.14039057069341562,-0.07337953503462862,0.15320081738689362,-0.11814814651316137,0.1608296691970794,-0.24518289565594775,0.16803665075494667,-0.08726411973381713,-0.045495664125717365,-0.08148643989633071,0.15630347351147164,0.031587509370516846,0.017542990489911245,0.14246782150172307
snowfall_sum__day1,-0.02805492445212053,0.009892250300379681,-0.029790785231917707,-0.10808144331824243,0.03683952051297508,0.08291120888575189,0.20998768884689537,-0.07984328632927395,-0.166595156507038,-0.14722179335672583,0.39823741867863466,-0.18582663867885155,-0.08411110682986084,0.11933908875973763,0.31031022242685974,0.15585946214249016,0.1087032330225878,-0.21710872565124903,0.013661480737821852,-0.16823099944241407
snowfall_sum__mean_2d,-0.03879486268838911,0.015293484365324071,-0.04598889898076495,-0.15910835803524234,0.011838125002978102,0.12372723802576498,0.2710584823389009,-0.11104476447106452,-0.13918466991616796,-0.1440355187364928,0.23966729208199075,-0.17920435828134,-0.03721564792945432,0.03222370316381509,0.2165762916794945,0.1012127113960411,0.07651773144488543,0.0022530854755827847,0.001092919322412297,0.02693525052187259
snowfall_sum__mean_3d,-0.046083917433782914,0.014682631465199558,-0.04770532961281312,-0.164108054117344,0.0009710090272942446,0.14581150492052802,0.28738181053768536,-0.12292030606239328,-0.03948319447667109,-0.11070526644383558,0.028566734270505195,-0.09432264693059192,0.01391310561738507,-0.021455650298214123,0.07959964306503718,-0.02033116543761199,0.0291647093092092,0.0736255911750593,0.018441416343709337,0.12703504186499043
snowfall_sum__mean_7d,-0.05317278132317111,0.024123862744544436,-0.044320816331027094,-0.18402075711248927,-0.05599647983593816,0.08718336506748615,0.2680285896251264,-0.09448925677487804,0.03661450742106446,0.026965874568101046,-0.24875747175082333,-0.07703652992432132,0.06992468295844717,0.02858653082314906,-0.09789212382595676,-0.1377290802706828,-0.07397762865065463,0.06980000553474212,-0.004167046239976537,0.1987319356059544
snowfall_sum__mean_13d,-0.05983464770116564,0.010858125518010787,-0.04232946330299717,-0.17345065319734868,-0.06265616855438974,0.07221657697264143,0.25446039209832655,-0.034857489702356304,0.1653534138741166,0.028217142432937818,-0.19494455068945685,-0.08834594062429522,0.12476273716665016,0.002005024412301491,-0.16811792351057983,0.0579845972964164,-0.032990724577639685,-0.05981415902774418,-0.0744484629904195,-0.14450566916669616
snowfall_sum__peak_7d,-0.05529249949769774,0.021241820604241683,-0.04829823724395387,-0.18743492523849084,-0.04528699683514751,0.08871826301640724,0.2722525338174349,-0.09834738423937897,0.04417318555894837,0.01674851493496947,-0.2116495350651806,-0.10128506611608781,0.04953001232648226,0.031124032266668586,-0.09727170560265147,-0.10304012688936674,-0.10351281172768456,0.0285239917499479,0.030480013203408526,0.12165617222921167
snowfall_sum__peak_14d,-0.0637399394548447,0.005127838790997567,-0.0396871322690805,-0.17089753492617132,-0.042714483741370504,0.07373341102679674,0.24648093906526664,-0.035742687938806444,0.17852794623382715,0.021457468030041327,-0.18775586830395055,-0.09553599521823669,0.09253013494837523,-0.000548436720761811,-0.16376880984034112,0.0679979258430903,-0.048783422830769245,-0.06715729308637462,-0.04812561998470845,-0.18274648456784975
shortwave_radiation_sum__day1,0.09613777325941371,-0.0694727136307861,0.05510972358680679,-0.10640029488474352,-0.08826744334587266,0.07590019817892667,-0.07946720091092449,0.031172446481745664,0.0339194375108113,-0.05972584380565357,-0.05693197457725153,0.004210347492580388,0.015736198255566936,-0.011594272245801538,0.18550105557260727,-0.015279668871555165,-0.1115500179692106,0.06582620324420932,-0.04708527393275606,-0.05416190642182958
shortwave_radiation_sum__mean_2d,0.10178486899171055,-0.06919390476879478,0.05134425932781926,-0.10527336045041427,-0.06544926971405496,0.07678160403313534,-0.07920023954472238,0.027942198136476106,0.04694586045735726,0.006379036086756999,-0.00855372421639309,0.00011517869379818814,0.01680518137578094,0.059928184094216984,0.12833352829076813,-0.013261491875306569,-0.053478334828801384,0.04975944459179727,-0.005050726494360194,-0.014889003575094241
shortwave_radiation_sum__mean_3d,0.10486552869736519,-0.06006097460577855,0.05110865598191676,-0.09985047307424663,-0.041441330346926375,0.08455494934794468,-0.06589414574961046,0.025459047190513374,0.054532551213228385,0.0240724828896334,0.009248792083278045,-0.017453547485922205,0.013130543970427849,0.0630624624297192,0.0978473066122048,-0.006912913956005411,-0.010861627522281855,0.03004002642147169,-0.0035479944396277965,0.009443612073734486
shortwave_radiation_sum__mean_7d,0.10866856846761765,-0.05091087245168954,0.04933717243116807,-0.09127856459804341,0.004714700228028817,0.0811004643598518,-0.04216215869366862,0.05134618792694622,0.0295364824689409,0.0017461760601451706,0.00034630021392308304,-0.04269879339343584,0.002672742654255488,-0.031718287955361794,0.0023882862982462366,0.008904534402020567,0.034126574106487735,-0.01525634879431515,0.034983574282019425,0.0435442107379651
shortwave_radiation_sum__mean_13d,0.11188059206355525,-0.034711946863571506,0.03743101452140689,-0.08472556979202239,0.015290810066452089,0.07871034887974326,-0.03178072102597934,0.05749465864077508,-0.01139934904413853,-0.023779045614484486,-0.01612926461016699,-0.018882380964825363,-0.02075195090623306,0.0003043615548577621,-0.03244300631169005,0.006004311224003396,0.03648722037533283,0.00476926271094563,0.019981657605099547,0.04192459085733223
shortwave_radiation_sum__peak_7d,0.1102498773914613,-0.03463555327243776,0.02846491898574672,-0.09023817283913237,-0.007703902670897472,0.09842929889272628,-0.04557413622612349,0.05797935788539836,0.005385977463271252,-0.003167947724037687,0.00866643941510791,-0.012196443280781353,-0.01515737739737732,-0.023805869915737715,-0.05462891141146581,0.021507440808818522,0.05438125642848476,-0.023697843011007098,0.023353915996458988,0.000640770217852067
shortwave_radiation_sum__peak_14d,0.11230017154675002,-0.015548863490450794,0.02606363596948906,-0.08817683806316635,-0.005573070319498059,0.08238876017477008,-0.04241271562812962,0.0619906872455056,-0.015759074297896053,-0.01132224502961392,0.017398678548628407,0.017419775102679006,-0.0342330290161602,-0.02009678050036769,-0.0766280524906531,0.002129388226301794,0.04230576984936586,0.009368179193749456,-0.008313369387060518,0.0005207475811486294
wind_speed_10m_max__day1,-0.021366477368856347,0.1278234820962715,0.19203346810643251,0.013101685984119364,0.12195825567447148,0.019144125816983014,0.02811710703932575,-0.07222137397729393,0.24214312226801593,-0.18549625471101608,0.10204595535764956,0.0741528589189324,-0.012663831975699714,0.09628259839517993,-0.10751463031634652,0.11121767596288093,-0.08483046480289473,0.06390077933175721,-0.02072632524420446,-0.04525134482745961
wind_speed_10m_max__mean_2d,-0.020039031289219755,0.1452671024816405,0.22120424404774147,0.00633600431122097,0.09142751811390416,-0.005612703304625941,-0.007735419721027623,-0.05599134559997979,0.1714807285909194,-0.2005168769620097,0.04918090435124606,0.027240537861839186,0.010441025501382043,-0.010837292621642932,-0.073915543722837,0.026425698216199726,-0.03336734750305513,-0.044375174101702455,0.019600023359430393,-0.011939690111054065
wind_speed_10m_max__mean_3d,-0.024222772757923092,0.14977475431573692,0.2239438579863214,0.014218230683922433,0.056177182146329975,0.008301908205619303,-0.023144537106676556,-0.04735448355903282,0.08833724991934855,-0.1911964731422216,-0.0019759051559911727,0.021971366519082887,0.023160844088809744,-0.06508472004945273,-0.007189835113083203,-0.08131008107417162,-0.016657249790336344,-0.08549378417460385,0.07116782516859886,0.014451627786851507
wind_speed_10m_max__mean_7d,-0.02555367014446499,0.15087233316227047,0.21783321904595682,0.017482372390196163,-0.059235659103319245,0.032479409881109526,-0.013290542537101315,-0.09486553802102116,-0.1206097096593748,0.011083110896797073,-0.07724217909726719,0.015774873612413476,-0.0164857681786082,0.027706985919222077,0.05774892040061401,-0.22195085154000835,0.10126882646331395,-0.13768154891580586,0.1491488523212376,0.05781863861674876
wind_speed_10m_max__mean_13d,-0.032913852434208433,0.12154354534383051,0.1894808152929128,5.8879922232799544e-05,-0.13374350568919424,0.07545835139880551,-0.017170304941398287,-0.10800588213937408,-0.07981659166377118,0.2097810978959094,-0.03334744461844611,-0.02423857023442606,0.04581049610920484,-0.06542634512955671,0.023208614565561104,0.05528069653613066,-0.051801795743123165,-0.17548883041258323,0.38352636520558075,-0.08415186692634888
wind_speed_10m_max__peak_7d,-0.03141130777047149,0.1381810650647165,0.19723315746053144,0.030602221310988477,-0.08046186830165755,0.029491315563201413,-0.011508404739940817,-0.0843725782117466,-0.15322606622011495,0.07529684896205413,-0.08567842659403475,-0.05826767509398819,0.039936971593083556,0.07671422046343024,0.020675267644059855,-0.15277825364692033,0.2798262126523572,0.08556043023557944,-0.2133720282585623,0.16458661643415654
wind_speed_10m_max__peak_14d,-0.041532160703116106,0.10435319250079217,0.17122834492069228,0.02811173992760998,-0.1360692938601183,0.05057683594998705,-0.03672823392424726,-0.06525389690417006,-0.08962817399292607,0.25741570258759994,0.019016624216313553,-0.0643051687435604,0.09621130960067392,-0.019645151103481515,-0.06507217714883794,0.4011564766580904,0.05749827763623328,0.14226558620808516,-0.12982056616550122,0.025572295621749525
wind_gusts_10m_max__day1,-0.008845655543343888,0.13215372862749727,0.19569397537397512,0.008513903461976759,0.11657093435673488,0.022250666339730982,0.022989260488562816,-0.05972668759866764,0.24363843540612298,-0.18519645123878767,0.116431735161213,0.06767826397607575,0.0020387379788797213,0.0892843483433922,-0.10906081301241492,0.09212779383549445,-0.15252730624268612,0.10752931015531854,-0.09151265024019524,-0.02641981817028531
wind_gusts_10m_max__mean_2d,-0.006462125993418668,0.1502186787415091,0.224924140642248,-0.007084292679114514,0.08590642556566142,-0.00920719056824433,-0.02033450669605679,-0.039659069356273474,0.16035071124869493,-0.2009188453464759,0.06946655924075067,0.025179590086188766,0.012377986467389152,-0.023970746374427872,-0.058409201733102906,0.026753137046342378,-0.0936492327710235,-0.010404353994690809,-0.039736044581195694,0.001038675391947931
wind_gusts_10m_max__mean_3d,-0.008971033559179895,0.1535689828291845,0.23133242261919185,-0.00549102854869297,0.048407796906517614,0.003370069903887657,-0.035704591513297475,-0.0276796207433681,0.07428447285254175,-0.18931223929715654,0.01973906730771378,0.0205793112111107,0.02181799033414815,-0.07164274107780907,0.006046209238119001,-0.06707812279901236,-0.07161460561596719,-0.04692441677844483,0.005661721074853524,0.02580585600823475
wind_gusts_10m_max__mean_7d,-0.006377463252679262,0.1578520567641807,0.2234675857242763,-0.006246171501466644,-0.05824058087414347,0.026879547318684496,-0.02685556524280705,-0.07170678005920544,-0.1424020651195838,0.005995173639328577,-0.05616969844616234,0.012978366327799693,-0.027547163221258757,0.0296790770516145,0.06879458748164839,-0.22110848397563654,0.05964312586492641,-0.09296919733012936,0.08468946525556006,0.06768238201559998
wind_gusts_10m_max__mean_13d,-0.009639560585712328,0.1319860957817414,0.20043319546293611,-0.025065477123911935,-0.1415553751606572,0.06742076853352286,-0.02946657990502583,-0.0821063982439439,-0.10601993056128979,0.21468696019660274,-0.018158542020710947,-0.04132766540921826,0.03497096212706304,-0.06250643424151357,0.009858186962238814,0.06613481177836307,-0.09015268568673894,-0.12390722973461603,0.34681988135287917,-0.09220226690324274
wind_gusts_10m_max__peak_7d,-0.01885144577322567,0.14965487589380483,0.20625775285832826,0.012588248641369577,-0.07176682265016394,0.021805119590726323,-0.023140304917742886,-0.06120918447301816,-0.14501270056303273,0.043224273443901,-0.06072832613261621,-0.049215954850378156,0.03597920643515823,0.07506879024836424,0.029825658072543268,-0.11167513780468483,0.19571261189999015,0.15085411323791034,-0.28852886609154893,0.17249558816692628
wind_gusts_10m_max__peak_14d,-0.031047127343542508,0.11111262230310112,0.1907556040708611,0.018766698238869232,-0.12814450964455465,0.026250520954208312,-0.04169147923983089,-0.043837203845512804,-0.08132558591840759,0.2141877307582713,0.04941183995580267,-0.06160864769611128,0.1301351837223172,-0.012454247838388392,-0.0569180557134493,0.42564645322275885,-0.03539680346441642,0.2084086507144231,-0.1989606379833111,-0.013957617369564948
wind_direction_10m_dominant__day1,0.017186142941542956,0.08122908784425407,0.05213692431537498,0.13576669644512493,-0.06722477656593477,-0.0790946400316665,0.1352324615207498,0.2856271630704984,0.15691454999344623,0.0014166199008170913,-0.11328594498994354,-0.15654540484201906,-0.2920119970775398,-0.0066377053053725,0.043896101991809953,0.1882505298828628,0.07163632858629082,0.1757936983549219,0.2545503546658967,0.15539961573643368
wind_direction_10m_dominant__mean_2d,0.018157945855455195,0.08397253026814952,0.06885047597348201,0.1477438111766225,-0.08444655706558332,-0.08214618375578284,0.1411789757768183,0.32735716790349356,0.12927575034600486,-0.027603074619606184,-0.10230614781651111,-0.2213045304830373,-0.24027371776611778,-0.04443564792445618,0.06051697691744908,0.07375654152018857,0.019056396238945155,0.025850883648993996,0.12102215126045145,0.08152589400173378
wind_direction_10m_dominant__mean_3d,0.01700158779447426,0.08884297088469942,0.0741493598483634,0.1614662994722538,-0.11201055154663378,-0.05993342520986611,0.12908038552554216,0.32360626912295504,0.08683546709743312,-0.04076829720697739,-0.08665741778491222,-0.1891542620802359,-0.1379977280107333,-0.015857841379912464,0.04219296067898123,-0.03830028412167369,0.04762883490007081,-0.05131271034170871,-0.03976259233789922,-0.07377746350629408
wind_direction_10m_dominant__mean_7d,0.012869949121890729,0.09513542812757635,0.0623822753673842,0.14819602797989453,-0.18553947087378025,-0.004688725378471578,0.1833433939174241,0.2546718083215708,0.004145615644634176,-0.009140406607010803,0.017530270895533214,-0.03134661171586656,0.05933613369095777,0.05432943173378402,0.09597825423630507,-0.22927680448956525,0.03932345133934551,-0.08311542743351287,-0.2523113082557997,-0.22361125091309464
wind_direction_10m_dominant__mean_13d,0.013279882398500514,0.08703825589770581,0.06840436623674977,0.13874047235398046,-0.19555645799079968,0.01827882863548829,0.1649509995730082,0.19953349949368118,-0.03675528130251176,0.07884281578073644,0.10673154004335675,0.08770565777531311,0.1913362098421061,0.056015482225045723,0.03866215680321669,-0.1813112552303309,-0.04577232028033524,-0.1652940355388464,-0.19806349354409827,-0.3102289047015354
wind_direction_10m_dominant__peak_7d,0.028972345227245365,0.03005136752200464,-0.05649174410075652,0.06185931337326281,-0.14529424412757064,0.08806948280156303,0.15558945666704918,0.2795762087273575,-0.057456977541404046,-0.025876943220758116,0.03364189991848369,0.2641424055287775,0.2708318328348113,0.16314488243446107,-0.03160623630833481,0.20547772953401863,0.005745438733474888,0.006002183131098991,0.039292234002117975,0.2012970947525131
wind_direction_10m_dominant__peak_14d,0.033965909472765114,0.003791606261597542,-0.031686324479473005,0.024679499464389514,-0.06626300749572235,0.08488591397037946,0.1236692350348271,0.23560992716794235,0.02773279545170987,-0.1311663534618742,0.12355279630019819,0.40696046688644716,0.39979832906332935,0.08435135622179497,0.05268916167656867,0.07207992901027344,0.05152257942936566,-0.0993836714553979,0.19041644166597746,0.316729760623548
et0_fao_evapotranspiration__day1,0.10473539008675418,-0.04897001370903472,0.0756496679380268,-0.07679382081327348,-0.05110908371029362,0.04030680709999341,-0.01657648022754279,-0.03947453762719135,0.06367052502017262,-0.06759763686015323,-0.051232508924278775,0.03240401767452239,0.053335195413989345,0.022874742380524386,0.1255884722432508,-0.01011726817181862,-0.03575772238196947,0.03216370086767487,-0.03082122003677313,-0.10541329430037555
et0_fao_evapotranspiration__mean_2d,0.10913669137897045,-0.043403659003161156,0.07664323273749425,-0.06780948887467858,-0.025588390995773973,0.03716063275610598,-0.01333244431194959,-0.037574086182175816,0.0707805864199456,-0.012205783328461301,-0.013341914783044292,0.0061465902465010595,0.05120805598397591,0.07480895207071919,0.060714426442562176,-0.01888186599505373,0.017870367941189676,0.006266891552290687,0.028930329999113304,-0.055706925108603034
et0_fao_evapotranspiration__mean_3d,0.11085588614741583,-0.03587750017411453,0.0751109932273915,-0.0604200126089896,-0.005059225850279653,0.044515454334561645,-0.007509018040558236,-0.027237541543844817,0.057882592937701566,0.002469991361656998,-0.010493868930371983,-0.02125309324117206,0.04898827785358787,0.0572724249269669,0.04382740912610881,-0.024173900463462024,0.03386238710719411,-0.025223528345318158,0.047868589887037884,-0.02268007453378537
et0_fao_evapotranspiration__mean_7d,0.11351060275966848,-0.026024773595890983,0.06451029219832265,-0.05039091718648532,0.01898922441555872,0.0478910662974332,0.005611454532465025,0.00851134320151436,-0.010306049429094114,-0.019011937836295137,-0.026312207790423706,-0.052398580900758704,0.039539583015713475,-0.029147980428520875,-0.03897204877286357,-0.011247271455861694,0.043593025795584966,-0.045532934300939916,0.07491715018218911,0.004231877414918681
et0_fao_evapotranspiration__mean_13d,0.11521685610429065,-0.013866765354748622,0.04373280984108724,-0.041389134620454716,0.017586762841588024,0.04883901213033733,0.014377045662515643,0.019431718452488853,-0.056108770931597475,-0.022223566572189924,-0.036534002963999765,-0.03607729776771187,0.01967419179594429,-0.004098849068363179,-0.07605531674357983,0.0009554529293822673,0.01558303648995808,-0.012142824362309233,0.08227929863685418,-0.013934320551229335
et0_fao_evapotranspiration__peak_7d,0.11396301782937925,-0.016414867195772946,0.041980417659587245,-0.03898914222926282,0.009011070631275398,0.053943291973377425,0.0026732894290236267,0.010645433255310805,-0.02833219085986627,-0.026424364950490806,-0.030508761443225098,-0.03727902260527755,0.0428982031975455,-0.013288200471753624,-0.061489843112226245,0.0038425925606566883,0.0679130905609636,-0.03616228746398073,0.07956203998254067,-0.04512096685266368
et0_fao_evapotranspiration__peak_14d,0.1142704419608155,-0.0006359522105880625,0.03154967249741618,-0.03116832288836411,-0.001306658645318138,0.03697027993133044,0.01220682406315233,0.025867850380379642,-0.0753952040304632,-0.01844412363945516,-0.0091137335849526,-0.008373550455764489,0.025164453510103317,-0.028898803381873565,-0.09774612396561655,-0.01015564597692403,0.017036843286452885,0.048887543882094965,0.1079038932246881,-0.06523009713940595
uv_index_max__day1,0.11372919588395572,-0.007387460044555301,0.005916644907507652,-0.07169299488123922,-0.0330174795785716,0.07461712369666508,-0.012480718561338186,0.04312899080381375,0.024399277944755726,0.023831236130572805,0.029243466804303196,0.034763868537199386,-0.06966690237208861,-0.0328040025113174,-0.06724376172622641,-0.008401564200412827,0.04210635342403452,-0.07428942108633547,-0.04915474592147573,-0.019884273783130985
uv_index_max__mean_2d,0.11488815099032687,-0.0063934000596083,0.007645084671140918,-0.06823614446775926,-0.023681149337263036,0.0682899694825202,-0.009014295760699904,0.04124041378603852,0.016923165163888528,0.014787310448511943,0.026888306149606894,0.025261735928213805,-0.05822052183290038,-0.04173992812818084,-0.07703565898523734,-0.007111228925064774,0.04009944173710683,-0.06490204862090757,-0.03451588629311447,-0.033928862501733874
uv_index_max__mean_3d,0.11510184035391322,-0.0063623588536458,0.007406016601871568,-0.06726141876474576,-0.023553284493151,0.06628012070467283,-0.007957221262753549,0.04477575017792797,0.011248690548549264,0.010826502888901449,0.02814061545367214,0.024996552825346668,-0.05700081554236775,-0.04570406317173367,-0.07890581170596489,-0.006285650565883199,0.028895700086191457,-0.05841764715615438,-0.03635830568927619,-0.0330965029633284
uv_index_max__mean_7d,0.11583135814018179,-0.0021659756102612397,0.005116921375751843,-0.06316234667900987,-0.02337186896702872,0.05864230173206358,-0.005256882310116846,0.049170176509569306,-0.006613355189181417,0.00429916729394874,0.028537801482053576,0.02333116765500905,-0.05513788213587204,-0.03938636884199789,-0.08656213320711018,-0.004078626568198549,0.011550950451690759,-0.03218093762145999,-0.035384956200474015,-0.039885530089823505
uv_index_max__mean_13d,0.11638386131229522,0.00328294689738531,-0.0013808927266325064,-0.05391186072853409,-0.024575505563110698,0.0492930384220662,-0.000651430736102059,0.04640939519636088,-0.01903752492548809,0.0021715089273570513,0.03069703713700017,0.02386010802844695,-0.05216319526800087,-0.039042802977132654,-0.09555324533307592,-0.022856239471128643,-0.0016790024420130494,-0.030706187327053172,-0.03624848684913405,-0.0413816436823001
uv_index_max__peak_7d,0.11539118746688959,-0.0007133323275288215,0.006958291152632448,-0.06344229028718655,-0.026386084055605406,0.06267681716437735,-0.008766922378442598,0.05242011268029063,-0.0085983696741856,0.009934634377356437,0.033230304159568756,0.02376585547285355,-0.0584483748155307,-0.044081906751838755,-0.09215093296964749,-0.011124868708300524,0.023199430555586684,-0.030638657707543572,-0.03974929049961048,-0.03744996430599673
uv_index_max__peak_14d,0.11620853456338254,0.005836355259853256,0.0027174507448406216,-0.052203100885457966,-0.0272767827346228,0.05208835382821514,-0.0070455149127679135,0.04832614081262717,-0.01808039375719646,0.010703544024042876,0.03888913439723733,0.01692235439977602,-0.05563818655523808,-0.04016689874363942,-0.09547537193332058,-0.021097112156361206,0.013208674295677188,-0.01700397541915589,-0.03823999786126191,-0.03799264165252211
surface_pressure_max__day1,-0.004937581226506296,-0.118007568058351,0.022420414862100252,0.23046105336755368,-0.017687443525115955,0.23713494710948252,0.06320930412849284,-0.06568406226846348,-0.05938993111587571,0.0019106449654484028,-0.02481149947214985,-0.038149887281940596,-0.08361789767361326,-0.054565408252479825,0.010303842120982903,0.060482584192357004,-0.16983757980486547,-0.1932416255002258,0.009166229680987601,0.13904576339976682
surface_pressure_max__mean_2d,-0.006631524527484324,-0.12264553026463515,0.018789371558652047,0.23382679056612246,-0.014071645244783373,0.24850336186357969,0.05911836356675309,-0.07566756718887356,-0.01516833492353078,0.026434557961499426,-0.013214703417161303,-0.015297121462114953,-0.07009551235518018,-0.004735438743269183,-0.02137345499884009,0.04408041106632464,-0.1847424270841412,-0.11675337717616413,-0.042648731994814844,0.07056962124743067
surface_pressure_max__mean_3d,-0.006249649596244846,-0.12303339300269572,0.018608102702697134,0.2378354132598441,-0.002471037934451508,0.24921569177206337,0.056164777493460216,-0.07925409641522152,0.01552420212073942,0.03175786588779122,-0.005578462669962023,-0.007103941594712447,-0.06787362994521332,0.012725279380590895,-0.03456762830075673,0.04763659940075781,-0.1281694801705919,-0.061521247583157544,-0.06466491879410839,0.01218197189799345
surface_pressure_max__mean_7d,-0.0039516688099884055,-0.12186394953921173,0.035493236366380854,0.2382856132973215,0.052392537656768434,0.25590758856074075,0.028007204379254518,-0.05994814744492937,0.04941420247501461,-0.00010756010819474599,0.02262999523401254,0.01389541345243267,-0.029194855089223752,-0.034546673937636274,-0.01246815630594499,0.030794844627134964,0.01507811745258819,0.050578719727857296,-0.04509805460472083,-0.10901825304752907
surface_pressure_max__mean_13d,-0.0039774107276996425,-0.10843902756134982,0.03780277806974509,0.22134585606009288,0.09251313503812784,0.2632468126767367,0.02667961761390874,-0.04932683492513677,0.03533024520392643,-0.04003578254107792,-0.05541583293477456,0.039704450381791524,-0.042833836745745965,-0.008210199092935607,0.02570633502529151,-0.09045886185315917,0.12629791824299072,0.17011983334919462,-0.04807065913846402,-0.039307409737839784
surface_pressure_max__peak_7d,-0.02194220233898266,-0.1105164341855018,0.030954084442091138,0.22261613487901602,0.0402138945594119,0.2748782892049492,0.02081347212353957,-0.06072728761385802,0.0357632902922141,0.008231448877841363,-0.03467540850418687,0.02562878535501308,0.02311927735275951,-0.02967087757351757,0.024175343251471602,-0.03557462310607858,0.06043539046058629,0.05923204110564006,0.07117970623612582,-0.055344005495239705
surface_pressure_max__peak_14d,-0.031365729342105506,-0.09692928952554636,0.02698450897545021,0.18533883049391436,0.08223614398607383,0.2789338112928359,0.02986258281536377,-0.05342004139556198,0.03823943836069231,-0.035388616586316014,-0.11681314413494688,0.04763408923715404,0.01850772936727624,-0.02274939340762964,0.043428481312044236,-0.08256262902317765,0.15003857571287224,0.16592776435908885,0.07238804830849696,-0.023107078448648812
